{"sindy2": 8.295999526977539, "sindy3": 229.11228609085083, "sindy4": 179.77727484703064}